StockCode,Description,Total_Revenue,ABC_Category
85123A,"WHITE HANGING HEART T-LIGHT HOLDER",50276.97999999973,"A - High Value"
M,Manual,48814.30999999999,"A - High Value"
85099B,"JUMBO BAG RED WHITE SPOTTY ",22545.900000000016,"A - High Value"
84879,"ASSORTED COLOUR BIRD ORNAMENT",16767.600000000064,"A - High Value"
15056BL,"EDWARDIAN PARASOL BLACK",15966.200000000033,"A - High Value"
21843,"RETRO SPOT CAKE STAND",14667.350000000019,"A - High Value"
15056N,"EDWARDIAN PARASOL NATURAL",12425.650000000016,"A - High Value"
37503,"TEA TIME CAKE STAND IN GIFT BOX",12324.599999999991,"A - High Value"
20679,"EDWARDIAN PARASOL RED",12306.250000000016,"A - High Value"
48138,"DOOR MAT UNION FLAG",12037.359999999959,"A - High Value"
POST,POSTAGE,11636.6,"A - High Value"
79323W," WHITE CHERRY LIGHTS",11471.999999999998,"A - High Value"
79323P,"PINK CHERRY LIGHTS",11004.949999999999,"A - High Value"
85014B,"RED/WHITE DOTS RUFFLED UMBRELLA",10132.550000000017,"A - High Value"
20914,"SET/5 RED SPOTTY LID GLASS BOWLS",9963.500000000002,"A - High Value"
21232,"STRAWBERRY CERAMIC TRINKET BOX",9880.159999999996,"A - High Value"
21733,"RED HANGING HEART T-LIGHT HOLDER",9647.350000000006,"A - High Value"
22111,"SCOTTIE DOG HOT WATER BOTTLE",9004.050000000012,"A - High Value"
22083,"PAPER CHAIN KIT RETRO SPOT",8978.34999999999,"A - High Value"
21754,"HOME BUILDING BLOCK WORD",8764.30000000001,"A - High Value"
85014A,"BLACK/BLUE DOTS RUFFLED UMBRELLA",8675.100000000002,"A - High Value"
21485,"RED SPOT HEART HOT WATER BOTTLE",8563.300000000003,"A - High Value"
20685,"DOOR MAT RED SPOT",8336.659999999978,"A - High Value"
84029E,"RED WOOLLY HOTTIE WHITE HEART.",8336.200000000004,"A - High Value"
21212,"PACK OF 72 RETRO SPOT CAKE CASES",8152.879999999971,"A - High Value"
21731,"RED TOADSTOOL LED NIGHT LIGHT",8143.200000000009,"A - High Value"
85099C,"JUMBO  BAG BAROQUE BLACK WHITE",8122.199999999994,"A - High Value"
20725,"LUNCH BAG RED SPOTTY",7998.799999999998,"A - High Value"
22189,"CREAM HEART CARD HOLDER",7728.14,"A - High Value"
22086,"PAPER CHAIN KIT 50'S CHRISTMAS ",7631.999999999989,"A - High Value"
22114,"HOT WATER BOTTLE TEA AND SYMPATHY",7586.850000000003,"A - High Value"
22138,"BAKING SET 9 PIECE RETROSPOT ",7438.350000000001,"A - High Value"
85099F,"JUMBO BAG STRAWBERRY",7427.5499999999965,"A - High Value"
21929,"JUMBO BAG PINK VINTAGE PAISLEY",7319.099999999998,"A - High Value"
21931,"JUMBO STORAGE BAG SUKI",7294.649999999993,"A - High Value"
48111,"DOOR MAT 3 SMILEY CATS",7265.139999999988,"A - High Value"
22423,"REGENCY CAKESTAND 3 TIER",7248.15,"A - High Value"
82486,"WOOD S/3 CABINET ANT WHITE FINISH",7104.249999999985,"A - High Value"
21755,"LOVE BUILDING BLOCK WORD",6887.699999999999,"A - High Value"
85220,"SMALL FAIRY CAKE FRIDGE MAGNETS",6875,"A - High Value"
21217,"RED SPOTTY ROUND CAKE TINS",6742.39999999999,"A - High Value"
85014D,"PINK/BROWN DOTS RUFFLED UMBRELLA",6613.549999999999,"A - High Value"
79323LP,"LIGHT PINK CHERRY LIGHTS",6598.000000000004,"A - High Value"
22112,"CHOCOLATE HOT WATER BOTTLE",6596.549999999997,"A - High Value"
47566,"PARTY BUNTING",6588.749999999998,"A - High Value"
21928,"JUMBO BAG SCANDINAVIAN PAISLEY",6588.299999999996,"A - High Value"
48187,"DOOR MAT NEW ENGLAND",6552.829999999981,"A - High Value"
20685,"RED SPOTTY COIR DOORMAT",6545.5,"A - High Value"
48185,"DOOR MAT FAIRY CAKE",6386.559999999986,"A - High Value"
82494L,"WOODEN FRAME ANTIQUE WHITE ",6359.849999999984,"A - High Value"
84997C,"BLUE 3 PIECE MINI DOTS CUTLERY SET",6280.139999999999,"A - High Value"
21527,"RETRO SPOT TRADITIONAL TEAPOT ",6215.549999999989,"A - High Value"
21175,"GIN + TONIC DIET METAL SIGN",6175.139999999991,"A - High Value"
84997B,"RED 3 PIECE MINI DOTS CUTLERY SET",6174.8099999999995,"A - High Value"
22386,"JUMBO BAG PINK WITH WHITE SPOTS",6009.149999999997,"A - High Value"
48173C,"DOOR MAT BLACK FLOCK ",5929.999999999988,"A - High Value"
21524,"DOOR MAT SPOTTY HOME SWEET HOME",5891.86999999999,"A - High Value"
21622,"VINTAGE UNION JACK CUSHION COVER",5815.7000000000035,"A - High Value"
48188,"DOOR MAT WELCOME PUPPIES",5813.4799999999905,"A - High Value"
85042,"ANTIQUE LILY FAIRY LIGHTS",5794.500000000003,"A - High Value"
21166,"COOK WITH WINE METAL SIGN ",5793.869999999994,"A - High Value"
84997D,"PINK 3 PIECE MINI DOTS CUTLERY SET",5721.719999999999,"A - High Value"
22139,"RETRO SPOT TEA SET CERAMIC 11 PC ",5682.549999999998,"A - High Value"
21137,"BLACK RECORD COVER FRAME",5528.879999999997,"A - High Value"
21621,"VINTAGE UNION JACK BUNTING",5508,"A - High Value"
21314,"SMALL GLASS HEART TRINKET POT",5475.900000000006,"A - High Value"
22326,"ROUND SNACK BOXES SET OF4 WOODLAND ",5309.999999999996,"A - High Value"
84991,"60 TEATIME FAIRY CAKE CASES",5303.879999999988,"A - High Value"
84050,"PINK HEART SHAPE EGG FRYING PAN",5300.999999999993,"A - High Value"
21181,"PLEASE ONE PERSON METAL SIGN",5300.819999999999,"A - High Value"
85232B,"SET/3 RUSSIAN DOLL STACKING TINS",5286.049999999999,"A - High Value"
22090,"PAPER BUNTING RETRO SPOTS",5269.749999999994,"A - High Value"
84836,"ZINC METAL HEART DECORATION",5257.72,"A - High Value"
21164,"HOME SWEET HOME METAL SIGN ",5219.549999999993,"A - High Value"
21908,"CHOCOLATE THIS WAY METAL SIGN",5190.539999999995,"A - High Value"
22061,"LARGE CAKE STAND  HANGING STRAWBERY",5161.65,"A - High Value"
22411,"JUMBO SHOPPER VINTAGE RED PAISLEY",5113.949999999998,"A - High Value"
72756,"FAIRY CAKE CANDLES",5083.099999999997,"A - High Value"
85066,"CREAM SWEETHEART MINI CHEST",5012.5599999999995,"A - High Value"
72741,"GRAND CHOCOLATECANDLE",4998.600000000005,"A - High Value"
47590B,"PINK HAPPY BIRTHDAY BUNTING",4940.899999999999,"A - High Value"
37449,"CERAMIC CAKE STAND + HANGING CAKES",4885.849999999998,"A - High Value"
48194,"DOOR MAT HEARTS",4872.359999999994,"A - High Value"
84029G,"KNITTED UNION FLAG HOT WATER BOTTLE",4868.280000000001,"A - High Value"
20971,"PINK BLUE FELT CRAFT TRINKET BOX",4868.02,"A - High Value"
21980,"PACK OF 12 RED SPOTTY TISSUES ",4677.310000000002,"A - High Value"
20728,"LUNCH BAG CARS BLUE",4675.049999999999,"A - High Value"
47502,"POLKADOT CUTLERY 24 PCS IN TRAY",4537.55,"A - High Value"
22084,"PAPER CHAIN KIT EMPIRE",4527.649999999995,"A - High Value"
84946,"ANTIQUE SILVER TEA GLASS ETCHED",4499.529999999999,"A - High Value"
48184,"DOOR MAT ENGLISH ROSE ",4499.269999999992,"A - High Value"
20726,"LUNCH BAG WOODLAND",4487.649999999998,"A - High Value"
84078A,"SET/4 WHITE RETRO STORAGE CUBES ",4483.8499999999985,"A - High Value"
20727,"LUNCH BAG  BLACK SKULL.",4462.199999999998,"A - High Value"
20713,"JUMBO BAG OWLS",4453.499999999999,"A - High Value"
21984,"PACK OF 12 PINK PAISLEY TISSUES ",4443.21,"A - High Value"
22379,"RECYCLING BAG RETROSPOT ",4288.700000000001,"A - High Value"
22236,"CAKE STAND 3 TIER MAGIC GARDEN",4270.950000000001,"A - High Value"
47590A,"BLUE HAPPY BIRTHDAY BUNTING",4194.8499999999985,"A - High Value"
85152,"HAND OVER THE CHOCOLATE   SIGN ",4170.899999999993,"A - High Value"
20712,"JUMBO BAG WOODLAND ANIMALS",4163.399999999998,"A - High Value"
21981,"PACK OF 12 WOODLAND TISSUES ",4161.389999999999,"A - High Value"
84406B,"CREAM CUPID HEARTS COAT HANGER",4126.75,"A - High Value"
84467,"ENGLISH ROSE DESIGN QUILTED THROW",4031.55,"A - High Value"
84347,"ROTATING SILVER ANGELS T-LIGHT HLDR",3977.25,"A - High Value"
21216,"SET 3 RED SPOT TIN TEA,COFFEE,SUGAR",3953.7000000000007,"A - High Value"
22294,"HEART FILIGREE DOVE  SMALL",3948.34,"A - High Value"
48116,"DOOR MAT MULTICOLOUR STRIPE",3918.549999999997,"A - High Value"
84992,"72 SWEETHEART FAIRY CAKE CASES",3892.299999999993,"A - High Value"
21977,"PACK OF 60 PINK PAISLEY CAKE CASES",3882.1999999999966,"A - High Value"
21218,"RED SPOTTY BISCUIT TIN",3832.5,"A - High Value"
21523,"FANCY FONT HOME SWEET HOME DOORMAT",3822.500000000001,"A - High Value"
21524,"SPOTTY  HOME SWEET HOME DOORMAT",3785.5,"A - High Value"
71477,"COLOUR GLASS. STAR T-LIGHT HOLDER",3774,"A - High Value"
22147,"FELTCRAFT BUTTERFLY HEARTS",3758.000000000006,"A - High Value"
79341,"WILLOW BRANCH LIGHTS.",3751.6500000000005,"A - High Value"
21080,"SET/20 RED SPOTTY PAPER NAPKINS ",3748.549999999997,"A - High Value"
21955,"UNION JACK GUNS & ROSES  DOORMAT",3744.2000000000003,"A - High Value"
22297,"HEART IVORY TRELLIS SMALL",3741.0000000000005,"A - High Value"
47591D,"PINK FAIRY CAKE CHILD'S APRON",3735.9599999999937,"A - High Value"
47566B,"TEA TIME PARTY BUNTING",3719.8500000000004,"A - High Value"
21535,"RETRO SPOT SMALL MILK JUG",3691.2000000000075,"A - High Value"
22149,"FELTCRAFT 6 FLOWER FRIENDS",3690.1999999999916,"A - High Value"
48194,"DOORMAT HEARTS",3635,"A - High Value"
22328,"ROUND SNACK BOXES SET OF 4 FRUITS ",3617.799999999994,"A - High Value"
82483,"WOOD 2 DRAWER CABINET WHITE FINISH",3610.8000000000025,"A - High Value"
82482,"WOODEN PICTURE FRAME WHITE FINISH",3578.249999999998,"A - High Value"
82600,"NO SINGING METAL SIGN",3555.059999999996,"A - High Value"
21174,"POTTERING IN THE SHED METAL SIGN",3528.000000000003,"A - High Value"
22125,"UNION JACK HOT WATER BOTTLE ",3520.549999999996,"A - High Value"
20750," RED/WHITE DOT MINI CASES",3520.2300000000027,"A - High Value"
21844,"RETRO SPOT MUG",3511.699999999997,"A - High Value"
21539,"RETRO SPOTS BUTTER DISH",3504.1499999999937,"A - High Value"
21181,"PLEASE ONE PERSON  METAL SIGN",3503.699999999997,"A - High Value"
48129,"DOOR MAT TOPIARY",3491.7899999999972,"A - High Value"
84970S,"HANGING HEART ZINC T-LIGHT HOLDER",3437.4999999999927,"A - High Value"
71459,"HANGING JAM JAR T-LIGHT HOLDER",3430.749999999996,"A - High Value"
21258,"VICTORIAN SEWING BOX LARGE",3386.3999999999987,"A - High Value"
21390,"FILIGRIS HEART WITH BUTTERFLY",3281.28,"A - High Value"
22385,"JUMBO BAG SPACEBOY DESIGN",3276.149999999999,"A - High Value"
79321,"CHILLI LIGHTS",3275.9999999999995,"A - High Value"
82583,"HOT BATHS METAL SIGN",3226.379999999996,"A - High Value"
21035,"SET/2 RED SPOTTY TEA TOWELS ",3212.1999999999975,"A - High Value"
79323W,"WHITE CHERRY LIGHTS",3204.100000000001,"A - High Value"
20718,"RED SPOTTY SHOPPER BAG",3197.2,"A - High Value"
84755,"COLOUR GLASS T-LIGHT HOLDER HANGING",3194.400000000003,"A - High Value"
84970L,"SINGLE HEART ZINC T-LIGHT HOLDER",3190.770000000006,"A - High Value"
21210,"SET OF 72 RETRO SPOT PAPER  DOILIES",3182.0500000000025,"A - High Value"
22243,"HOOK, 5 HANGER ,MAGIC TOADSTOOL RED",3176.400000000001,"A - High Value"
84937,"KASHMIR FOLKART TUMBLERS",3171.399999999997,"A - High Value"
21982,"PACK OF 12 SUKI TISSUES ",3164.2999999999997,"A - High Value"
22348,"TEA BAG PLATE RED SPOTTY ",3126.0599999999968,"A - High Value"
72760B,"VINTAGE CREAM 3 BASKET CAKE STAND",3124.8500000000013,"A - High Value"
15056P,"EDWARDIAN PARASOL PINK",3120.0999999999967,"A - High Value"
21484,"CHICK GREY HOT WATER BOTTLE",3099.450000000001,"A - High Value"
21533,"RETRO SPOT LARGE MILK JUG",3097.2999999999934,"A - High Value"
22178,"VICTORIAN GLASS HANGING T-LIGHT",3070.040000000001,"A - High Value"
21481,"FAWN BLUE HOT WATER BOTTLE",3060.199999999996,"A - High Value"
20972,"PINK CREAM FELT CRAFT TRINKET BOX ",3040.1099999999997,"A - High Value"
20747,"PICCADILLY TEA SET",3039.9499999999994,"A - High Value"
22352,"LUNCHBOX WITH CUTLERY RETROSPOT ",3030.750000000003,"A - High Value"
22381,"TOY TIDY PINK RETROSPOT  ",3024.599999999999,"A - High Value"
22353,"LUNCHBOX WITH CUTLERY FAIRY CAKES ",3008.7000000000044,"A - High Value"
21041,"RED SPOTTY OVEN GLOVE DOUBLE",2996.95,"A - High Value"
21559,"STRAWBERRY LUNCHBOX WITH CUTLERY",2983.200000000004,"A - High Value"
21930,"JUMBO STORAGE BAG SKULLS",2981.8499999999985,"A - High Value"
37410,"BLACK AND WHITE PAISLEY FLOWER MUG",2978.77,"A - High Value"
22064,"PINK DOUGHNUT TRINKET POT ",2959.6500000000033,"A - High Value"
21213,"PACK OF 72 SKULL CAKE CASES",2950.989999999999,"A - High Value"
21477,"STRING OF 20 ROSE LIGHTS",2949.75,"A - High Value"
22382,"LUNCH BAG SPACEBOY DESIGN ",2941.7000000000016,"A - High Value"
21121,"SET/10 RED SPOTTY PARTY CANDLES",2935.19,"A - High Value"
20711,"JUMBO BAG TOYS ",2875.2999999999997,"A - High Value"
22275,"WEEKEND BAG VINTAGE ROSE PAISLEY",2873,"A - High Value"
20754,"RETRO RED SPOTTY WASHING UP GLOVES",2827.7399999999925,"A - High Value"
21156,"RED SPOTTY CHILDS APRON",2818.949999999996,"A - High Value"
22274,"FELTCRAFT DOLL EMILY",2817.6,"A - High Value"
21877,"HOME SWEET HOME MUG",2791.02,"A - High Value"
84909A,"PINK PAISLEY QUILT ",2784.8,"A - High Value"
35004C,"SET OF 3 COLOURED  FLYING DUCKS",2778.7499999999986,"A - High Value"
21165,"BEWARE OF THE CAT METAL SIGN ",2776.130000000006,"A - High Value"
21871,"SAVE THE PLANET MUG",2774.5699999999997,"A - High Value"
22384,"LUNCH BAG PINK RETROSPOT",2769.350000000003,"A - High Value"
22273,"FELTCRAFT DOLL MOLLY",2768.3000000000006,"A - High Value"
21523,"DOOR MAT FANCY FONT HOME SWEET HOME",2758.35,"A - High Value"
84839,"SWEETHEART KEY CABINET",2744.35,"A - High Value"
20749,"ASSORTED COLOUR MINI CASES",2739.980000000002,"A - High Value"
21975,"PACK OF 60 DINOSAUR CAKE CASES",2702.2499999999995,"A - High Value"
21479,"WHITE SKULL HOT WATER BOTTLE ",2694.9599999999996,"A - High Value"
22383,"LUNCH BAG SUKI  DESIGN ",2685.8000000000015,"A - High Value"
21935,"SUKI  SHOULDER BAG",2676.9,"A - High Value"
21903,"MAN FLU METAL SIGN",2674.199999999999,"A - High Value"
85150,"LADIES & GENTLEMEN METAL SIGN",2666.2499999999995,"A - High Value"
84378,"SET OF 3 HEART COOKIE CUTTERS",2662.6400000000003,"A - High Value"
22457,"NATURAL SLATE HEART CHALKBOARD ",2653.4000000000005,"A - High Value"
84978,"HANGING HEART JAR T-LIGHT HOLDER",2651.2399999999993,"A - High Value"
21781,"MA CAMPAGNE CUTLERY BOX",2622.2999999999993,"A - High Value"
22380,"TOY TIDY SPACEBOY  ",2617.9999999999995,"A - High Value"
21955,"DOOR MAT UNION JACK GUNS AND ROSES",2616.519999999999,"A - High Value"
21791,"VINTAGE HEADS AND TAILS CARD GAME ",2613.1,"A - High Value"
85047,"WHITE BEADED GARLAND STRING 20LIGHT",2589.75,"A - High Value"
21936,"RED/WHITE SPOT PICNIC BAG",2587.7500000000005,"A - High Value"
20724,"RED SPOTTY CHARLOTTE BAG",2569.500000000001,"A - High Value"
21033,"JUMBO BAG CHARLIE AND LOLA TOYS",2561.6499999999987,"A - High Value"
84968D,"S/16 VINTAGE RED CUTLERY",2556.45,"A - High Value"
22413,"METAL SIGN TAKE IT OR LEAVE IT ",2548.9199999999996,"A - High Value"
22499,"WOODEN UNION JACK BUNTING",2533.5,"A - High Value"
22283,"6 EGG HOUSE PAINTED WOOD",2517.8500000000026,"A - High Value"
21756,"BATH BUILDING BLOCK WORD",2488.499999999998,"A - High Value"
21488,"RED WHITE SCARF  HOT WATER BOTTLE",2482.45,"A - High Value"
84375,"SET OF 20 KIDS COOKIE CUTTERS",2479.050000000002,"A - High Value"
21124,"SET/10 BLUE SPOTTY PARTY CANDLES",2472.69,"A - High Value"
21042,"RED SPOTTY APRON ",2470.1999999999994,"A - High Value"
22131,"FOOD CONTAINER SET 3 LOVE HEART ",2465.2499999999995,"A - High Value"
21868,"POTTING SHED TEA MUG",2454.6699999999996,"A - High Value"
84949,"SILVER HANGING T-LIGHT HOLDER",2453.700000000001,"A - High Value"
21737,"SET 3 WICKER LOG BASKETS",2409.6000000000004,"A - High Value"
21749,"LARGE RED SPOT WINDMILL",2400.000000000001,"A - High Value"
21411,"GINGHAM HEART  DOORSTOP RED",2395.54,"A - High Value"
22282,"12 EGG HOUSE PAINTED WOOD",2358.8,"A - High Value"
21122,"SET/10 PINK SPOTTY PARTY CANDLES",2350.7200000000003,"A - High Value"
79323GR,"GREEN CHERRY LIGHTS",2341.2999999999997,"A - High Value"
82001S,"VINYL RECORD FRAME SILVER",2322.7499999999995,"A - High Value"
84792,"ENCHANTED BIRD COATHANGER 5 HOOK",2316.2100000000005,"A - High Value"
22146,"EASTER CRAFT IVY WREATH WITH CHICK",2309.7000000000003,"A - High Value"
85206B,"PINK FELT EASTER EGG BASKET",2285.150000000003,"A - High Value"
22173,"METAL 4 HOOK HANGER FRENCH CHATEAU",2276.749999999999,"A - High Value"
22180,"RETRO SPOT LAMP",2261.200000000001,"A - High Value"
21136,"PAINTED METAL PEARS ASSORTED",2252.7799999999984,"A - High Value"
21912,"VINTAGE SNAKES & LADDERS",2245.7999999999997,"A - High Value"
21707,"FOLDING UMBRELLA , BLACK/BLUE  SPOT",2238.45,"A - High Value"
20828,"GLITTER BUTTERFLY CLIPS",2234.5500000000006,"A - High Value"
21437,"24 HANGING EASTER EGGS FLORAL TUB",2225.8500000000004,"A - High Value"
21777,"RECIPE BOX WITH METAL HEART",2225.8000000000034,"A - High Value"
22072,"TEA CUP AND SAUCER RETRO SPOT",2222.73,"A - High Value"
22244,"HOOK, 3 HANGER ,MAGIC GARDEN",2221.200000000002,"A - High Value"
21590,"KINGS CHOICE CIGAR BOX MATCHES ",2211.81,"A - High Value"
84077,"WORLD WAR 2 GLIDERS ASSTD DESIGNS",2210.4899999999984,"A - High Value"
22073,"RETRO SPOT STORAGE JAR",2193.87,"A - High Value"
79072,"TEATIME CAKE TIN WITH HANDLE",2178.450000000001,"A - High Value"
21257,"VICTORIAN SEWING BOX MEDIUM",2177.5000000000027,"A - High Value"
22367,"CHILDS APRON SPACEBOY DESIGN",2157.449999999998,"A - High Value"
21717,"EASTER TIN BUCKET",2147.7000000000016,"A - High Value"
22356,"CHARLOTTE BAG , PINK/WHITE SPOTS",2143.95,"A - High Value"
22358,"KINGS CHOICE TEA CADDY ",2143.8000000000025,"A - High Value"
22291,"SPRING DEC , HANGING CHICK CREAM",2133.5499999999993,"A - High Value"
75049L,"LARGE CIRCULAR MIRROR MOBILE",2130.2999999999997,"A - High Value"
84880,"WHITE WIRE EGG HOLDER",2116.6,"A - High Value"
21985,"PACK OF 12 HEARTS DESIGN TISSUES ",2111.8800000000024,"A - High Value"
21231,"SWEETHEART CERAMIC TRINKET BOX",2111.4199999999996,"A - High Value"
ADJUST,"Adjustment by john on 26/01/2010 16",2107.4100000000003,"A - High Value"
22113,"GREY HEART HOT WATER BOTTLE",2104.2,"A - High Value"
82552,"WASHROOM METAL SIGN",2102.6,"A - High Value"
22087,"PAPER BUNTING WHITE LACE",2095.750000000002,"A - High Value"
84469,"ROSE DES PADDED FLOOR CUSHION",2090.68,"A - High Value"
85065,"CREAM SWEETHEART TRAYS",2088.75,"A - High Value"
47567B,"TEA TIME KITCHEN APRON",2084.7499999999995,"A - High Value"
22197,"POPCORN HOLDER , SMALL ",2077.2999999999997,"A - High Value"
20719,"WOODLAND CHARLOTTE BAG",2073.85,"A - High Value"
21260,"FIRST AID TIN",2073.75,"A - High Value"
21428,"SET3 BOOK BOX GREEN GINGHAM FLOWER ",2070.5,"A - High Value"
85014C,"BLUE/BROWN DOTS RUFFLED UMBRELLA",2066.7000000000003,"A - High Value"
21790,"VINTAGE SNAP CARDS",2062.9900000000016,"A - High Value"
22300,"COFFEE MUG DOG + BALL DESIGN",2060.0999999999976,"A - High Value"
22301,"COFFEE MUG CAT + BIRD DESIGN",2060.099999999997,"A - High Value"
21385,"IVORY HANGING DECORATION  HEART",2057.200000000001,"A - High Value"
21624,"VINTAGE UNION JACK DOORSTOP",2053.65,"A - High Value"
72807C,"SET/3 VANILLA SCENTED CANDLE IN BOX",2039.15,"A - High Value"
21355,"TOAST ITS - I LOVE YOU ",2032.8000000000002,"A - High Value"
21592,"RETRO SPOT  CIGAR BOX MATCHES ",2032.0900000000001,"A - High Value"
22285,"DECORATION HEN ON NEST, HANGING",2030.399999999999,"A - High Value"
47556B,"TEA TIME TEA TOWELS ",2026.6500000000024,"A - High Value"
22148,"EASTER CRAFT 4 CHICKS ",2016.450000000002,"A - High Value"
72351B,"SET/6 PINK  BUTTERFLY T-LIGHTS",2015.3400000000006,"A - High Value"
20682,"RED SPOTTY CHILDS UMBRELLA",2014.5,"A - High Value"
22241,"GARLAND WOODEN HAPPY EASTER",2014.03,"A - High Value"
21770,"OPEN CLOSED METAL SIGN",2009.2500000000045,"A - High Value"
22109,"FULL ENGLISH BREAKFAST PLATE",2004.96,"A - High Value"
21728,"METAL MEDINA LANTERN ",2003.8500000000001,"A - High Value"
22355,"CHARLOTTE BAG , SUKI DESIGN",2000.6999999999996,"A - High Value"
21186,"WHITE DOVE HONEYCOMB PAPER GARLAND",1998.7999999999997,"B - Medium Value"
48197,"DOOR MAT BIRD ON THE WIRE",1991.5800000000004,"B - Medium Value"
21672,"WHITE SPOT RED CERAMIC DRAWER KNOB",1972.83,"B - Medium Value"
22179,"SET 10 LIGHTS NIGHT OWL",1968.4499999999998,"B - Medium Value"
21531,"RETRO SPOT SUGAR JAM BOWL",1963.349999999998,"B - Medium Value"
22215,"CAKE STAND WHITE TWO TIER LACE",1961.7999999999997,"B - Medium Value"
22303,"COFFEE MUG APPLES DESIGN",1959.7499999999977,"B - Medium Value"
22498,"WOODEN REGATTA BUNTING",1956.3499999999997,"B - Medium Value"
84947,"ANTIQUE SILVER TEA GLASS ENGRAVED",1935.84,"B - Medium Value"
21429,"RED GINGHAM ROSE JEWELLERY BOX",1932.450000000001,"B - Medium Value"
22193,"RED DINER WALL CLOCK",1931.2,"B - Medium Value"
22122,"SET OF 2 FANCY FONT TEA TOWELS",1915.4500000000005,"B - Medium Value"
21169,"YOU'RE CONFUSING ME METAL SIGN ",1915.2800000000007,"B - Medium Value"
20970,"PINK FLORAL FELTCRAFT SHOULDER BAG",1913.82,"B - Medium Value"
22041,"RECORD FRAME 7" SINGLE SIZE "",1910.6999999999991,"B - Medium Value"
22195,"LARGE HEART MEASURING SPOONS",1895.6999999999985,"B - Medium Value"
85174,"S/4 CACTI CANDLES",1877.8500000000004,"B - Medium Value"
22063,"CERAMIC BOWL WITH STRAWBERRY DESIGN",1876.6500000000005,"B - Medium Value"
22192,"BLUE DINER WALL CLOCK",1875.0999999999997,"B - Medium Value"
21498,"RED SPOTS  WRAP ",1863,"B - Medium Value"
47505,"MINATURE COLOURED GARDENING SET",1855.2,"B - Medium Value"
21108,"FAIRY CAKE FLANNEL ASSORTED COLOUR",1836.7500000000011,"B - Medium Value"
22079,"RIBBON REEL HEARTS DESIGN ",1832.65,"B - Medium Value"
21715,"GIRLS VINTAGE TIN SEASIDE BUCKET",1822.9500000000014,"B - Medium Value"
22242,"HOOK, 5 HANGER , MAGIC TOADSTOOL",1822.8000000000002,"B - Medium Value"
47599A,"PINK PARTY BAGS",1818.3000000000006,"B - Medium Value"
21091,"SET/6 WOODLAND PAPER PLATES",1817.1599999999996,"B - Medium Value"
21563,"RED HEART SHAPE LOVE BUCKET ",1814.800000000002,"B - Medium Value"
16014,"SMALL CHINESE STYLE SCISSOR",1801.6800000000003,"B - Medium Value"
48189,"DOOR MAT FRIENDSHIP ",1795.7500000000005,"B - Medium Value"
22082,"RIBBON REEL STRIPES DESIGN ",1795.6000000000004,"B - Medium Value"
22349,"DOG BOWL , CHASING BALL DESIGN",1795.44,"B - Medium Value"
84968C,"S/16 VINTAGE PISTACHIO CUTLERY",1793.5499999999997,"B - Medium Value"
21085,"SET/6 WOODLAND PAPER CUPS",1791.1200000000003,"B - Medium Value"
35961,"FOLKART ZINC HEART CHRISTMAS DEC",1790.67,"B - Medium Value"
85206A,"CREAM FELT EASTER EGG BASKET",1785.6000000000001,"B - Medium Value"
84032A,"CHARLIE+LOLA PINK HOT WATER BOTTLE",1780.3000000000013,"B - Medium Value"
22417,"PACK OF 60 SPACEBOY CAKE CASES",1777.3000000000009,"B - Medium Value"
51008,"AFGHAN SLIPPER SOCK PAIR",1776.8000000000002,"B - Medium Value"
22271,"FELTCRAFT DOLL ROSIE",1774.350000000003,"B - Medium Value"
21706,"FOLDING UMBRELLA , RED/WHITE SPOT",1774.35,"B - Medium Value"
21669,"BLUE STRIPE CERAMIC DRAWER KNOB",1773.86,"B - Medium Value"
21432,"SET OF 3 CASES WOODLAND DESIGN",1766.650000000002,"B - Medium Value"
84968E,"S/16 VINTAGE BLACK CUTLERY",1755.2999999999997,"B - Medium Value"
85132A,"CHARLIE + LOLA BISCUITS TINS",1753.700000000001,"B - Medium Value"
21937,"STRAWBERRY   PICNIC BAG",1752.9000000000015,"B - Medium Value"
37502,"TEA TIME MUG IN GIFT BOX",1752.2000000000023,"B - Medium Value"
21745,"GAOLERS KEYS DECORATIVE GARDEN ",1749.17,"B - Medium Value"
21100,"CHARLIE AND LOLA CHARLOTTE BAG",1747.0500000000009,"B - Medium Value"
22329,"ROUND CONTAINER SET OF 5 RETROSPOT",1746.5999999999992,"B - Medium Value"
21875,"KINGS CHOICE MUG",1739.21,"B - Medium Value"
21584,"RETRO SPOT SMALL TUBE MATCHES",1737.15,"B - Medium Value"
21114,"LAVENDER SCENTED FABRIC HEART",1730.6999999999998,"B - Medium Value"
22170,"PICTURE FRAME WOOD TRIPLE PORTRAIT",1727.0500000000002,"B - Medium Value"
21259,"VICTORIAN SEWING BOX SMALL ",1724.8000000000006,"B - Medium Value"
21667,"GLASS CAKE COVER AND PLATE",1722.6000000000008,"B - Medium Value"
21614,"SET OF 12 ROSE BOTANICAL T-LIGHTS",1719.8500000000013,"B - Medium Value"
20677,"PINK SPOTTY BOWL",1712.0900000000001,"B - Medium Value"
20979,"36 PENCILS TUBE RED SPOTTY",1711.4700000000003,"B - Medium Value"
21934,"SKULL SHOULDER BAG",1701.6500000000008,"B - Medium Value"
22292,"SPRING DEC , HANGING CHICK  YELLOW",1701.0499999999993,"B - Medium Value"
21709,"FOLDING UMBRELLA  CHOC/WHITE  SPOT",1697.1000000000004,"B - Medium Value"
79323G,"GOLD  CHERRY LIGHTS",1696.05,"B - Medium Value"
82582,"AREA PATROLLED METAL SIGN",1679.5199999999998,"B - Medium Value"
21716,"BOYS VINTAGE TIN SEASIDE BUCKET",1677.6000000000013,"B - Medium Value"
21243,"PINK  SPOTTY PLATE ",1671.1299999999997,"B - Medium Value"
71053,"WHITE METAL LANTERN",1668.6,"B - Medium Value"
22327,"ROUND SNACK BOXES SET OF 4 SKULLS",1655.9000000000008,"B - Medium Value"
21673,"WHITE SPOT BLUE CERAMIC DRAWER KNOB",1650.78,"B - Medium Value"
84837,"WHITE SWEETHEARTS CABINET 4 DRAWERS",1648.5,"B - Medium Value"
21242,"RED SPOTTY PLATE ",1641.1599999999996,"B - Medium Value"
85067,"CREAM SWEETHEART WALL CABINET",1640.4500000000007,"B - Medium Value"
22055,"MINI CAKE STAND  HANGING STRAWBERY",1640.100000000002,"B - Medium Value"
21094,"SET/6 RED SPOTTY PAPER PLATES",1633.0000000000014,"B - Medium Value"
84380,"SET OF 3 BUTTERFLY COOKIE CUTTERS",1626.5200000000002,"B - Medium Value"
21668,"RED STRIPE CERAMIC DRAWER KNOB",1621.53,"B - Medium Value"
22188,"BLACK HEART CARD HOLDER",1621.1999999999998,"B - Medium Value"
21380,"WOODEN HAPPY BIRTHDAY GARLAND",1620.6500000000017,"B - Medium Value"
20751,"FUNKY WASHING UP GLOVES ASSORTED",1618.980000000002,"B - Medium Value"
22302,"COFFEE MUG PEARS  DESIGN",1617.2999999999984,"B - Medium Value"
37448,"CERAMIC CAKE DESIGN SPOTTED MUG",1616.3800000000024,"B - Medium Value"
85175,"CACTI T-LIGHT CANDLES",1614.300000000002,"B - Medium Value"
79000,"MOROCCAN TEA GLASS",1613.2500000000011,"B - Medium Value"
22089,"PAPER BUNTING VINTAGE PAISLEY",1603.6000000000013,"B - Medium Value"
21870,"I CAN ONLY PLEASE ONE PERSON MUG",1600.78,"B - Medium Value"
21625,"VINTAGE UNION JACK APRON",1595.8,"B - Medium Value"
79323S," SILVER CHERRY LIGHTS",1594.8000000000002,"B - Medium Value"
84856S,"SMALL TAHITI BEACH BAG",1593.2400000000007,"B - Medium Value"
22060,"LARGE CAKE STAND HANGING HEARTS",1588.2500000000002,"B - Medium Value"
22059,"CERAMIC STRWBERRY DESIGN MUG",1584.6100000000015,"B - Medium Value"
85063,"CREAM SWEETHEART MAGAZINE RACK",1584.1500000000015,"B - Medium Value"
20676,"RED SPOTTY BOWL",1577.85,"B - Medium Value"
22169,"FAMILY ALBUM WHITE PICTURE FRAME",1572.5000000000002,"B - Medium Value"
84884A,"ANT WHITE WIRE HEART SPIRAL",1566.4500000000012,"B - Medium Value"
22354,"RETRO SPOT PADDED SEAT CUSHION",1563.8999999999999,"B - Medium Value"
22220,"CAKE STAND LOVEBIRD 2 TIER WHITE",1562.2000000000007,"B - Medium Value"
84987,"SET OF 36 TEATIME PAPER DOILIES",1561.8500000000017,"B - Medium Value"
21967,"PACK OF 12 SKULL TISSUES",1552.1900000000007,"B - Medium Value"
20681,"PINK SPOTTY CHILDS UMBRELLA",1548,"B - Medium Value"
22207,"FRYING PAN UNION FLAG",1538.75,"B - Medium Value"
84988,"SET OF 72 PINK HEART PAPER DOILIES",1532.3000000000013,"B - Medium Value"
21276,"TWO EMBOSSED HEART MINI DRAWERS",1530.2999999999995,"B - Medium Value"
21874,"GIN AND TONIC MUG",1529.6699999999998,"B - Medium Value"
21407,"BROWN CHECK CAT DOORSTOP ",1525.5,"B - Medium Value"
22357,"KINGS CHOICE BISCUIT TIN",1523.75,"B - Medium Value"
20692,"FLORAL ELEPHANT SOFT TOY",1522,"B - Medium Value"
22296,"HEART IVORY TRELLIS LARGE",1520.2499999999995,"B - Medium Value"
21099,"SET/6 STRAWBERRY PAPER CUPS",1519.6,"B - Medium Value"
22088,"PAPER BUNTING COLOURED LACE",1518.8500000000015,"B - Medium Value"
21482,"MUSHROOM BLUE HOT WATER BOTTLE",1517.700000000002,"B - Medium Value"
62018,"SOMBRERO ",1515.5500000000002,"B - Medium Value"
15059A,"ENGLISH ROSE EDWARDIAN PARASOL",1515,"B - Medium Value"
79029,"GLASS HONEYPOT WASP CATCHER",1513.0500000000004,"B - Medium Value"
21974,"SET OF 36 PAISLEY FLOWER DOILIES",1512.9500000000016,"B - Medium Value"
22197,"SMALL POPCORN HOLDER",1512.9200000000012,"B - Medium Value"
21107,"CREAM SLICE FLANNEL PINK SPOT ",1512.6000000000013,"B - Medium Value"
84032B,"CHARLIE + LOLA RED HOT WATER BOTTLE",1509.6000000000017,"B - Medium Value"
22350,"CAT BOWL ",1506.7499999999984,"B - Medium Value"
21092,"SET/6 STRAWBERRY PAPER PLATES",1504.94,"B - Medium Value"
21354,"TOAST ITS - BEST MUM",1504.4499999999998,"B - Medium Value"
79320," FLAMINGO LIGHTS",1504.0499999999997,"B - Medium Value"
20748,"KENSINGTON COFFEE SET",1503.9,"B - Medium Value"
21976,"PACK OF 60 MUSHROOM CAKE CASES",1502.9500000000014,"B - Medium Value"
22281,"EASTER TREE YELLOW BIRDS",1502.050000000001,"B - Medium Value"
15036,"ASSORTED COLOURS SILK FAN",1501.31,"B - Medium Value"
22021,"BLUE FELT EASTER EGG BASKET",1500.9000000000008,"B - Medium Value"
22377,"BOTTLE BAG RETROSPOT ",1499.5,"B - Medium Value"
84975,"HEART SHAPED MIRROR",1497.000000000001,"B - Medium Value"
21486,"PINK HEART DOTS HOT WATER BOTTLE",1492.44,"B - Medium Value"
22366,"DOOR MAT AIRMAIL ",1483.3900000000008,"B - Medium Value"
37500,"TEA TIME TEAPOT IN GIFT BOX",1478.1000000000006,"B - Medium Value"
22295,"HEART FILIGREE DOVE LARGE",1466.6999999999998,"B - Medium Value"
85038,"6 CHOCOLATE LOVE HEART T-LIGHTS",1459.1400000000008,"B - Medium Value"
22080,"RIBBON REEL SPOTS DESIGN ",1453.1499999999999,"B - Medium Value"
22485,"SET OF 2 WOODEN MARKET CRATES",1447.5,"B - Medium Value"
47570B,"TEA TIME TABLE CLOTH",1446.8999999999996,"B - Medium Value"
21833,"CAMOUFLAGE LED TORCH",1445.3799999999999,"B - Medium Value"
84619,"BLUE GINGHAM ROSE QUILT ",1444.15,"B - Medium Value"
ADJUST,"Adjustment by john on 26/01/2010 17",1431.1100000000001,"B - Medium Value"
22198,"POPCORN HOLDER , LARGE",1428.799999999999,"B - Medium Value"
21670,"BLUE SPOT CERAMIC DRAWER KNOB",1423.29,"B - Medium Value"
47591C,"BLUE FAIRY CAKE CHILD'S APRON",1421.55,"B - Medium Value"
16156S,"WRAP PINK FAIRY CAKES ",1421.1200000000001,"B - Medium Value"
79067,"CORONA MEXICAN TRAY",1417.5,"B - Medium Value"
20717,"STRAWBERRY SHOPPER BAG",1417.2,"B - Medium Value"
21832,"CHOCOLATE CALCULATOR",1416.5499999999995,"B - Medium Value"
21911,"GARDEN METAL SIGN ",1413.1499999999992,"B - Medium Value"
21671,"RED SPOT CERAMIC DRAWER KNOB",1411.0800000000002,"B - Medium Value"
21593,"SWALLOW CIGAR BOX MATCHES ",1409.31,"B - Medium Value"
21700,"BIG DOUGHNUT FRIDGE MAGNETS",1399.9100000000014,"B - Medium Value"
20969,"RED FLORAL FELTCRAFT SHOULDER BAG",1397.7,"B - Medium Value"
22505,"MEMO BOARD COTTAGE DESIGN",1397.0999999999997,"B - Medium Value"
21153,"RED SPOTTY TABLECLOTH ",1395.1499999999994,"B - Medium Value"
70006,"LOVE HEART POCKET WARMER",1392.3,"B - Medium Value"
85221,"ASSORTED COLOUR SILK COIN PURSE",1390.84,"B - Medium Value"
22270,"HAPPY EASTER HANGING DECORATION",1390.44,"B - Medium Value"
22199,"FRYING PAN RED POLKADOT ",1388.5,"B - Medium Value"
20723,"STRAWBERRY CHARLOTTE BAG",1382.2999999999997,"B - Medium Value"
22177,"5 HOOK BLACKBOARD ORGANISER ",1378.1000000000015,"B - Medium Value"
21172,"PARTY METAL SIGN ",1376.9000000000003,"B - Medium Value"
22191,"EAU DE NIL DINER WALL CLOCK",1371.8999999999999,"B - Medium Value"
21589,"SWALLOW GIANT TUBE MATCHES",1371.1499999999994,"B - Medium Value"
21135,"VICTORIAN  METAL POSTCARD SPRING",1363.8299999999997,"B - Medium Value"
84912A,"PINK ROSE WASHBAG",1361.25,"B - Medium Value"
21658,"GLASS  BEURRE DISH",1358.7499999999995,"B - Medium Value"
21491,"SET OF THREE VINTAGE GIFT WRAPS",1356.1500000000003,"B - Medium Value"
37370,"RETRO COFFEE MUGS ASSORTED",1351.8100000000002,"B - Medium Value"
84971S,"SMALL HEART FLOWERS HOOK ",1342.7400000000007,"B - Medium Value"
21889,"WOODEN BOX OF DOMINOES",1340.1399999999999,"B - Medium Value"
22071,"SMALL RETRO SPOT MUG IN BOX  WHITE",1339.08,"B - Medium Value"
84568,"GIRLS ALPHABET IRON ON PATCHES ",1333.65,"B - Medium Value"
22224,"WHITE LOVEBIRD LANTERN",1333.5000000000014,"B - Medium Value"
21588,"RETRO SPOT GIANT  TUBE MATCHES",1330.3499999999995,"B - Medium Value"
21888,"BINGO SET",1323.75,"B - Medium Value"
85198,"ASSORTED FARMYARD ANIMALS IN BUCKET",1320.8800000000003,"B - Medium Value"
22185,"SLATE TILE NATURAL HANGING",1319.9999999999993,"B - Medium Value"
20990,"SPRING FLOWER CHOPSTICKS SET/5",1319.8500000000008,"B - Medium Value"
21769,"VINTAGE POST OFFICE CABINET",1319.1500000000003,"B - Medium Value"
84270,"ASSTD DESIGN BUBBLE GUM RING",1315.1999999999985,"B - Medium Value"
22078,"RIBBON REEL LACE DESIGN ",1314.0000000000005,"B - Medium Value"
22218,"CAKE STAND LACE WHITE",1305.75,"B - Medium Value"
20993,"JAZZ HEARTS MEMO PAD",1305.4900000000002,"B - Medium Value"
84279B,"CHERRY BLOSSOM DECORATIVE FLASK",1299.06,"B - Medium Value"
22276,"WASH BAG VINTAGE ROSE PAISLEY",1297.9499999999994,"B - Medium Value"
22115,"METAL SIGN EMPIRE TEA",1296.420000000001,"B - Medium Value"
21561,"DINOSAUR LUNCHBOX WITH CUTLERY",1292.0999999999983,"B - Medium Value"
22333,"RETRO SPORT PARTY BAG + STICKER SET",1289.95,"B - Medium Value"
22127,"PARTY CONES CARNIVAL ASSORTED",1285.2,"B - Medium Value"
21913,"VINTAGE SEASIDE JIGSAW PUZZLES",1279.44,"B - Medium Value"
84212,"ASSORTED FLOWER COLOUR "LEIS"""",1275.72,"B - Medium Value"
21326,"AGED GLASS SILVER T-LIGHT HOLDER",1272.1499999999992,"B - Medium Value"
22212,"FOUR HOOK  WHITE LOVEBIRDS",1266.2999999999993,"B - Medium Value"
85040B,"SET/4 BLUE FLOWER CANDLES IN BOWL",1260.6000000000006,"B - Medium Value"
21842,"PINK HEART CANDY BUTTON CALCULATOR",1257.15,"B - Medium Value"
85048,"15CM CHRISTMAS GLASS BALL 20 LIGHTS",1251.6,"B - Medium Value"
85178,"VICTORIAN SEWING KIT",1249.3999999999999,"B - Medium Value"
47570,"ENGLISH ROSE TABLE CLOTH",1246.05,"B - Medium Value"
84997A,"GREEN 3 PIECE MINI DOTS CUTLERY SET",1244.43,"B - Medium Value"
22200,"FRYING PAN PINK POLKADOT ",1242.5,"B - Medium Value"
84912B,"GREEN ROSE WASHBAG",1241.25,"B - Medium Value"
21869,"POTTING SHED COFFEE MUG",1238.28,"B - Medium Value"
10135,"COLOURING PENCILS BROWN TUBE",1236.95,"B - Medium Value"
37450,"CERAMIC CAKE BOWL + HANGING CAKES",1236.3500000000004,"B - Medium Value"
21933,"PINK VINTAGE PAISLEY PICNIC BAG",1235.3500000000006,"B - Medium Value"
22293,"SPRING DEC , HANGING CHICK  GREEN",1233.75,"B - Medium Value"
85062,"PEARL CRYSTAL PUMPKIN T-LIGHT HLDR",1233.1499999999992,"B - Medium Value"
22284,"HEN HOUSE DECORATION",1229.8499999999985,"B - Medium Value"
21500,"PINK SPOTS  WRAP ",1227.5,"B - Medium Value"
47568,"ENGLISH ROSE DESIGN PEG BAG",1224.1999999999994,"B - Medium Value"
21586,"KINGS CHOICE GIANT TUBE MATCHES",1220.549999999999,"B - Medium Value"
47503K,"ASSORTED FLORAL SECATEURS",1219.6500000000005,"B - Medium Value"
22219,"LOVEBIRD HANGING DECORATION WHITE ",1215.0700000000015,"B - Medium Value"
48195,"DOOR MAT GREEN PAISLEY ",1214.3700000000003,"B - Medium Value"
82580,"BATHROOM METAL SIGN",1214.2899999999995,"B - Medium Value"
21735,"TWO DOOR CURIO CABINET",1211.85,"B - Medium Value"
21154,"RED SPOTTY OVEN GLOVE ",1211.69,"B - Medium Value"
21986,"PACK OF 12 PINK SPOT TISSUES ",1211.6000000000004,"B - Medium Value"
84472,"PINK AND LILAC QUILTED THROW ",1210.6500000000003,"B - Medium Value"
21768,"WALL MOUNTED VINTAGE ORGANISER",1204.7500000000005,"B - Medium Value"
22110,"BIRD HOUSE HOT WATER BOTTLE",1204.5000000000005,"B - Medium Value"
22290,"STANDING METAL RABBIT WITH EGG",1203.8999999999994,"B - Medium Value"
82551,"LAUNDRY 15C METAL SIGN",1199.54,"B - Medium Value"
22487,"WHITE WOOD GARDEN PLANT LADDER",1199.450000000001,"B - Medium Value"
21330,"WOODLAND ANIMAL  WRITING SET ",1196.0500000000004,"B - Medium Value"
21438,"TUB 24 HANGING EASTER EGGS SPOTTY",1195.95,"B - Medium Value"
84830,"LARGE ENGLISH ARBORETUM",1195.15,"B - Medium Value"
84691,"PACK 20 DOLLY PEGS",1193.950000000001,"B - Medium Value"
47559B,"TEA TIME OVEN GLOVE",1193.75,"B - Medium Value"
22120,"WELCOME  WOODEN BLOCK LETTERS",1190.3000000000002,"B - Medium Value"
21244,"BLUE  SPOTTY PLATE ",1189.3099999999995,"B - Medium Value"
21238,"RED SPOTTY CUP",1186.2899999999984,"B - Medium Value"
22150," 3 STRIPEY MICE FELTCRAFT",1184.5500000000015,"B - Medium Value"
21906,"PHARMACIE FIRST AID TIN",1181.95,"B - Medium Value"
84813,"SET OF 4 DIAMOND NAPKIN RINGS",1180.25,"B - Medium Value"
22466,"FAIRY TALE COTTAGE NIGHTLIGHT",1177.3500000000006,"B - Medium Value"
21381,"MINI WOODEN HAPPY BIRTHDAY GARLAND",1175.7200000000007,"B - Medium Value"
21550,"CERAMIC BIRDHOUSE CRESTED TIT LARGE",1170.0500000000006,"B - Medium Value"
21115,"ROSE CARAVAN DOORSTOP",1169.8500000000001,"B - Medium Value"
72351A,"SET/6 TURQUOISE BUTTERFLY T-LIGHTS",1169.8000000000002,"B - Medium Value"
22331,"WOODLAND PARTY BAG + STICKER SET",1168.6499999999996,"B - Medium Value"
84692,"BOX OF 24 COCKTAIL PARASOLS",1168.1399999999999,"B - Medium Value"
22278,"OVERNIGHT BAG VINTAGE ROSE PAISLEY",1166.6499999999996,"B - Medium Value"
22128,"PARTY CONES CANDY ASSORTED",1165.5,"B - Medium Value"
21155,"RED SPOTTY PEG BAG",1153.5600000000002,"B - Medium Value"
22202,"MILK PAN PINK RETROSPOT",1153.0500000000002,"B - Medium Value"
21710,"FOLDING UMBRELLA  PINK/WHITE  SPOT",1151.55,"B - Medium Value"
21384,"IVORY HANGING DECORATION  BUTTERFLY",1149.7599999999998,"B - Medium Value"
21549,"CERAMIC BIRDHOUSE RED ROOF SMALL",1148.5500000000009,"B - Medium Value"
20975,"12 PENCILS SMALL TUBE RED SPOTTY",1147.9,"B - Medium Value"
22070,"SMALL RETRO SPOT MUG IN BOX  RED",1147.5,"B - Medium Value"
21110,"LARGE CAKE TOWEL PINK SPOTS",1139.65,"B - Medium Value"
22318,"FIVE HEART HANGING DECORATION",1137.7500000000005,"B - Medium Value"
20974,"12 PENCILS SMALL TUBE SKULL",1132.0000000000011,"B - Medium Value"
21872,"GLAMOROUS  MUG",1130.54,"B - Medium Value"
21537,"RETRO SPOTS PUDDING BOWL",1128.25,"B - Medium Value"
46000S,"POLYESTER FILLER PAD 40x40cm",1128.1000000000004,"B - Medium Value"
84510B,"SET OF 4 FAIRY CAKES COASTERS ",1125.8000000000002,"B - Medium Value"
21915,"RED  HARMONICA IN BOX ",1124.15,"B - Medium Value"
22320,"BIRDS MOBILE VINTAGE DESIGN",1124.0499999999997,"B - Medium Value"
22203,"MILK PAN RED RETROSPOT",1121.73,"B - Medium Value"
21649,"ASSORTED TUTTI FRUTTI PHOTO FRAME",1120.7500000000005,"B - Medium Value"
22171,"3 HOOK PHOTO SHELF ANTIQUE WHITE",1120.3,"B - Medium Value"
21323,"HANGING MEDINA LANTERN LARGE",1118.25,"B - Medium Value"
21463,"MIRRORED DISCO BALL ",1117.5500000000009,"B - Medium Value"
21000,"ROSE DU SUD COSMETICS BAG",1114.75,"B - Medium Value"
37495,"FAIRY CAKE BIRTHDAY CANDLE SET",1113.6000000000001,"B - Medium Value"
21548,"CERAMIC BIRDHOUSE FINCH BLUE ROOF",1112.6500000000008,"B - Medium Value"
21340,"CLASSIC METAL BIRDCAGE PLANT HOLDER",1107.4,"B - Medium Value"
47503E,"ASS FLORAL PRINT SCISSORS",1104.4,"B - Medium Value"
21545,"CERAMIC BIRDHOUSE BUTTERFLY SMALL",1103.8000000000009,"B - Medium Value"
22365,"DOOR MAT RESPECTABLE HOUSE",1101.7200000000005,"B - Medium Value"
85132C,"CHARLIE AND LOLA FIGURES TINS",1101.5300000000004,"B - Medium Value"
22121,"NOEL WOODEN BLOCK LETTERS ",1100.4000000000003,"B - Medium Value"
C2,CARRIAGE,1100,"B - Medium Value"
21779,"MA CAMPAGNE MINI WOODEN CHEST",1097.8000000000002,"B - Medium Value"
22137,"BATHROOM SET LOVE HEART DESIGN",1095.9,"B - Medium Value"
10002,"INFLATABLE POLITICAL GLOBE ",1089.5500000000002,"B - Medium Value"
21837,"CROSS STITCH ALPHABET CUSHION COVER",1088.8500000000004,"B - Medium Value"
22557,"PLASTERS IN TIN VINTAGE PAISLEY ",1086.75,"B - Medium Value"
21659,"GLASS CAKE STAND",1083.4000000000003,"B - Medium Value"
20675,"BLUE SPOTTY BOWL",1080.2800000000002,"B - Medium Value"
21623,"VINTAGE UNION JACK MEMOBOARD",1079.6499999999999,"B - Medium Value"
85049E,"SCANDINAVIAN REDS RIBBONS",1072.5,"B - Medium Value"
84396,"6 HOOK JEWELLERY STAND BLACK DRESS",1071.5999999999997,"B - Medium Value"
84279P," CHERRY BLOSSOM  DECORATIVE FLASK",1068.6,"B - Medium Value"
22196,"SMALL HEART MEASURING SPOONS",1063.8000000000013,"B - Medium Value"
20729,"RED SPOTTY CANDY BAG",1061.15,"B - Medium Value"
85061W,"WHITE JEWELLED HEART DECORATION",1057.9999999999995,"B - Medium Value"
22066,"LOVE HEART TRINKET POT",1056.5499999999997,"B - Medium Value"
79323B,"BLACK CHERRY LIGHTS",1056,"B - Medium Value"
72802A,"ROSE SCENT CANDLE IN JEWELLED BOX",1051.49,"B - Medium Value"
40016,"CHINESE DRAGON PAPER LANTERNS",1051.08,"B - Medium Value"
72802C,"VANILLA SCENT CANDLE JEWELLED BOX",1050.91,"B - Medium Value"
21932,"SCANDINAVIAN PAISLEY PICNIC BAG",1048.8500000000004,"B - Medium Value"
21497,"FANCY FONTS BIRTHDAY WRAP",1042,"B - Medium Value"
21529,"RETRO SPOT CERAMIC TOASTRACK",1036.9500000000012,"B - Medium Value"
21396,"RED SPOTTY EGG CUP ",1035.28,"B - Medium Value"
21681,"GIANT MEDINA STAMPED METAL BOWL ",1034.8499999999997,"B - Medium Value"
22415,"WHITE TISSUE REAM",1033.5000000000011,"B - Medium Value"
20750,"RED/WHITE DOT MINI CASES",1032.4999999999998,"B - Medium Value"
85184C,"S/4 VALENTINE DECOUPAGE HEART BOX",1032.4500000000007,"B - Medium Value"
84598,"BOYS ALPHABET IRON ON PATCHES",1031.0400000000002,"B - Medium Value"
22253,"6 CROCHET STRAWBERRIES",1027.04,"B - Medium Value"
21955,"  DOORMAT UNION JACK GUNS AND ROSES",1025.25,"B - Medium Value"
85200,"BUNNY EGG BOX",1025.2,"B - Medium Value"
22286,"DECORATION , WOBBLY RABBIT , METAL ",1023.5999999999989,"B - Medium Value"
21077,"SET/20 WOODLAND PAPER NAPKINS ",1022.8500000000008,"B - Medium Value"
21490,"SET OF THREE 50'S GIFT WRAPS ",1022.2499999999999,"B - Medium Value"
85222,"ASSORTED COLOUR SILK COSMETIC PURSE",1020.3000000000006,"B - Medium Value"
35001W,"HAND OPEN SHAPE DECO.WHITE",1018.9300000000005,"B - Medium Value"
84968A,"S/16 VINTAGE ROSE CUTLERY",1015.05,"B - Medium Value"
21361,"LOVE LARGE WOOD LETTERS ",1013.1,"B - Medium Value"
22382,"LUNCHBAG SPACEBOY DESIGN ",1006.1,"B - Medium Value"
21547,"CERAMIC BIRDHOUSE CRESTED TIT SMALL",994.6500000000002,"B - Medium Value"
22335,"HEART DECORATION PAINTED ZINC ",993.9000000000003,"B - Medium Value"
37501,"TEA TIME TEA SET IN GIFT BOX",993.8500000000005,"B - Medium Value"
84519A,"TOMATO CHARLIE+LOLA COASTER SET",993.1000000000004,"B - Medium Value"
21761,"WOOD AND GLASS MEDICINE CABINET",991.2,"B - Medium Value"
21564,"PINK  HEART SHAPE LOVE BUCKET ",990.4000000000001,"B - Medium Value"
21578,"WOODLAND DESIGN  COTTON TOTE BAG",990,"B - Medium Value"
22334,"DINOSAUR PARTY BAG + STICKER SET",985.5500000000001,"B - Medium Value"
21398,"RED  SPOTTY COFFEE  MUG",982.8000000000003,"B - Medium Value"
22150,"3 STRIPEY MICE FELTCRAFT",981.0000000000001,"B - Medium Value"
85232D,"SET/3 DECOUPAGE STACKING TINS",977.2500000000005,"B - Medium Value"
22378,"WALL TIDY RETROSPOT ",974.8000000000001,"B - Medium Value"
21989,"PACK OF 20 SKULL PAPER NAPKINS",974.5600000000001,"B - Medium Value"
22432,"WATERING CAN PINK BUNNY",974.4000000000004,"B - Medium Value"
21890,"S/6 WOODEN SKITTLES IN COTTON BAG",973.5000000000006,"B - Medium Value"
85132B,"CHARLIE AND LOLA TABLE TINS",967.6500000000001,"B - Medium Value"
84558A,"3D DOG PICTURE PLAYING CARDS",961.7000000000005,"B - Medium Value"
21528,"DAIRY MAID TRADITIONAL TEAPOT ",961.6499999999999,"B - Medium Value"
20665,"RED SPOTTY PURSE ",960.400000000001,"B - Medium Value"
84964B,"BLUE PAINTED KASHMIRI TABLE ",960,"B - Medium Value"
72484,"ROSES IN WHITE HEART CANDLE ",958.2100000000003,"B - Medium Value"
21752,"GLASS CAKE STAND MIRRORED BASE",957.6500000000001,"B - Medium Value"
40018F,"CHERRY DESIGN PAPERLANTERNS",956.1500000000001,"B - Medium Value"
21214,"SET OF 72 IVORY PAPER DOILIES",953.0499999999997,"B - Medium Value"
72753B,"S/3 FLWR FAIRY LAVENDER CANDLES",949.9499999999998,"B - Medium Value"
72349B,"SET/6 PURPLE BUTTERFLY T-LIGHTS",949.6800000000005,"B - Medium Value"
21718,"RED METAL BEACH SPADE ",944,"B - Medium Value"
85183A,"CHARLIE & LOLA WASTEPAPER BIN BLUE",942.75,"B - Medium Value"
90057,"DIAMANTE RING ASSORTED IN BOX.",942.72,"B - Medium Value"
21357,"TOAST ITS - DINOSAUR",940.2,"B - Medium Value"
84832,"ZINC WILLIE WINKIE  CANDLE STICK",936.3900000000009,"B - Medium Value"
46000M,"POLYESTER FILLER PAD 45x45cm",934.65,"B - Medium Value"
22047,"EMPIRE GIFT WRAP",929.5,"B - Medium Value"
20752,"RETRO BLUE SPOTTY WASHING UP GLOVES",927.6000000000006,"B - Medium Value"
84520B,"PACK 20 ENGLISH ROSE PAPER NAPKINS",927.4600000000008,"B - Medium Value"
22136,"LOVE HEART SOCK HANGER",927.4499999999994,"B - Medium Value"
22217,"T-LIGHT HOLDER HANGING LACE",924.25,"B - Medium Value"
84990,"60 GOLD AND SILVER FAIRY CAKE CASES",924.0899999999997,"B - Medium Value"
21332,"MOROCCAN BEATEN METAL MIRROR",920.55,"B - Medium Value"
22464,"HANGING METAL HEART LANTERN",919.3499999999993,"B - Medium Value"
21702,"SET 5 MINI GATEAUX  FRIDGE MAGNETS",918.6800000000001,"B - Medium Value"
20981,"12 PENCILS TALL TUBE WOODLAND",918.2300000000004,"B - Medium Value"
21683,"MEDIUM MEDINA STAMPED METAL BOWL ",917.3500000000001,"B - Medium Value"
22366,"DOORMAT AIRMAIL ",916,"B - Medium Value"
22272,"FELTCRAFT DOLL MARIA",913.0000000000003,"B - Medium Value"
22221,"CAKE STAND LOVEBIRD 2 TIER PINK",912.9499999999999,"B - Medium Value"
22107,"PIZZA PLATE IN BOX",909.3,"B - Medium Value"
22371,"AIRLINE BAG VINTAGE TOKYO 78",908.6500000000009,"B - Medium Value"
22261,"FELT EGG COSY WHITE RABBIT ",907.3100000000001,"B - Medium Value"
72045D,"ROSES ON BLUE TEACUP CANDLE ",905.84,"B - Medium Value"
22467,"GUMBALL COAT RACK",905.0999999999997,"B - Medium Value"
16161U,"WRAP,SUKI AND FRIENDS",905,"B - Medium Value"
21246,"RED SPOTTY BIG BOWL",903.9000000000001,"B - Medium Value"
21275,"ZINC TOP  2 DOOR WOODEN SHELF ",900.6500000000003,"B - Medium Value"
21468,"BUTTERFLY CROCHET FOOD COVER",900.1500000000001,"B - Medium Value"
84965B,"BLUE KASHMIRI COFFEE TABLE ",900,"B - Medium Value"
84965A,"PINK KASHMIRI COFFEE TABLE ",900,"B - Medium Value"
85162C,"WHITE RETRODISC LAMPSHADE",895.6499999999999,"B - Medium Value"
17109B,"FLOWER FAIRY INCENSE LAVENDER",892.91,"B - Medium Value"
21907,"I'M ON HOLIDAY METAL SIGN",890.1000000000008,"B - Medium Value"
85049B,"LUSH GREENS RIBBONS",890,"B - Medium Value"
21494,"ROTATING LEAVES T-LIGHT HOLDER",889.4999999999999,"B - Medium Value"
21324,"HANGING MEDINA LANTERN SMALL",889.3000000000004,"B - Medium Value"
20731,"POSY CANDY BAG",889.25,"B - Medium Value"
85197,"SET OF 12 MINI BUNNIES IN A BUCKET",888.0600000000006,"B - Medium Value"
82599,"FANNY'S REST STOPMETAL SIGN",886.8000000000008,"B - Medium Value"
22412,"METAL SIGN NEIGHBOURHOOD WITCH ",883.8000000000008,"B - Medium Value"
22165,"DIAMANTE HEART SHAPED WALL MIRROR, ",883.65,"B - Medium Value"
37482B,"CUBIC MUG BLUE POLKA DOT",882.3,"B - Medium Value"
85189,"HANGING BUTTERFLY  EGG",879.1399999999993,"B - Medium Value"
22584,"PACK OF 6 PANNETONE GIFT BOXES",876.8999999999995,"B - Medium Value"
22057,"CERAMIC PLATE STRAWBERRY DESIGN",874.2200000000001,"B - Medium Value"
85114B,"IVORY ENCHANTED FOREST PLACEMAT",870.5999999999996,"B - Medium Value"
22027,"TEA PARTY BIRTHDAY CARD",867.5399999999988,"B - Medium Value"
21499,"BLUE SPOTS  WRAP",866,"B - Medium Value"
21116,"OWL DOORSTOP",865.4499999999999,"B - Medium Value"
17003,"BROCADE RING PURSE ",863.9699999999998,"B - Medium Value"
82597,"BOMBS AWAY METAL SIGN",861.5400000000006,"B - Medium Value"
21544,"SKULLS  WATER TRANSFER TATTOOS ",860.5000000000005,"B - Medium Value"
21495,"SKULLS WRAP",859,"B - Medium Value"
22231,"JIGSAW TREE WITH BIRDHOUSE",858.5999999999995,"B - Medium Value"
47580,"TEA TIME DES TEA COSY",857.2499999999991,"B - Medium Value"
84968B,"S/16 VINTAGE IVORY CUTLERY",854.25,"B - Medium Value"
85184D,"S/4 BLUE ROUND DECOUPAGE BOXES",853.9000000000007,"B - Medium Value"
22172,"METAL SHELF WITH RAIL ",853.4000000000001,"B - Medium Value"
20829,"GLITTER HANGING BUTTERFLY STRING",853.2,"B - Medium Value"
20886,"BOX OF 9 PEBBLE CANDLES",851.8500000000003,"B - Medium Value"
21465,"PINK FLOWER CROCHET FOOD COVER",851.4000000000001,"B - Medium Value"
22456,"NATURAL SLATE CHALKBOARD LARGE ",850.9500000000005,"B - Medium Value"
20991,"JAZZ HEARTS MAGNETIC MEMO PAD",850.9000000000001,"B - Medium Value"
21303,"FILIGREE WALL MIRROR  ANTIQUE WHITE",848.7999999999996,"B - Medium Value"
21338,"MARAKESH LANTERN SMALL ",848.3500000000001,"B - Medium Value"
47585A,"PINK FAIRY CAKE CUSHION COVER",847.5,"B - Medium Value"
22468,"BABUSHKA LIGHTS STRING OF 10",846.9000000000001,"B - Medium Value"
21730,"GLASS STAR FROSTED T-LIGHT HOLDER",846.8500000000004,"B - Medium Value"
72800F,"4 IVORY DINNER CANDLES GOLD FLOCK",846.12,"B - Medium Value"
72799F,"IVORY PILLAR CANDLE GOLD FLOCK",846.1000000000001,"B - Medium Value"
84031A,"CHARLIE+LOLA RED HOT WATER BOTTLE ",839.1899999999996,"B - Medium Value"
21299,"EDWARDIAN TOILET ROLL UNIT ",838.3500000000004,"B - Medium Value"
21896,"POTTING SHED TWINE",837.3000000000005,"B - Medium Value"
21780,"MA CAMPAGNE 4 DRAWER WALL SHELF",835.5500000000001,"B - Medium Value"
72802B,"OCEAN SCENT CANDLE IN JEWELLED BOX",834.16,"B - Medium Value"
22119," PEACE WOODEN BLOCK LETTERS",833.7500000000001,"B - Medium Value"
21179,"NO JUNK MAIL METAL SIGN",831.2900000000001,"B - Medium Value"
21333,"CLASSIC WHITE FRAME",826.5499999999993,"B - Medium Value"
22341,"LOVE GARLAND PAINTED ZINC ",825.5999999999997,"B - Medium Value"
22507,"MEMO BOARD RETROSPOT  DESIGN",824.0499999999997,"B - Medium Value"
21040,"MODERN VINTAGE COTTON SHOPPING BAG",823.6499999999996,"B - Medium Value"
22305,"COFFEE MUG PINK PAISLEY DESIGN",821.8499999999997,"B - Medium Value"
22168,"ORGANISER WOOD ANTIQUE WHITE ",821.1,"B - Medium Value"
21240,"BLUE  SPOTTY CUP",820.7899999999996,"B - Medium Value"
35004B,"SET OF 3 BLACK FLYING DUCKS",819.2500000000001,"B - Medium Value"
85183B,"CHARLIE & LOLA WASTEPAPER BIN FLORA",819,"B - Medium Value"
20983,"12 PENCILS TALL TUBE RED SPOTTY",816.8500000000004,"B - Medium Value"
84466,"TOP SECRET PEN SET",814.6999999999999,"B - Medium Value"
84854,"GIRLY PINK TOOL SET",813.9000000000001,"B - Medium Value"
85231L,"LAVENDER SCENTED SET/9 T-LIGHTS",812.4000000000001,"B - Medium Value"
22245,"HOOK, 1 HANGER ,MAGIC GARDEN",812.0300000000005,"B - Medium Value"
20833,"SHAKER THROW  QUILTED",811.8,"B - Medium Value"
20978,"36 PENCILS TUBE SKULLS",810.8800000000001,"B - Medium Value"
21430,"SET/3 RED GINGHAM ROSE STORAGE BOX",810.33,"B - Medium Value"
21239,"PINK  SPOTTY CUP",809.7399999999998,"B - Medium Value"
90167,"BEADED LOVE HEART JEWELLERY SET",806.0400000000005,"B - Medium Value"
84459B,"YELLOW METAL CHICKEN HEART ",805.5000000000005,"B - Medium Value"
21587,"COSY HOUR GIANT TUBE MATCHES",802.0500000000003,"B - Medium Value"
22314,"OFFICE MUG WARMER CHOC+BLUE",801.9000000000002,"B - Medium Value"
22067,"CHOC TRUFFLE GOLD TRINKET POT ",801.2999999999994,"B - Medium Value"
21765,"HANGING METAL BIRD BATH",800.85,"B - Medium Value"
18098C,"PORCELAIN BUTTERFLY OIL BURNER",796.7000000000006,"B - Medium Value"
21054,"NURSE'S BAG SOFT TOY",796.5500000000003,"B - Medium Value"
21534,"DAIRY MAID LARGE MILK JUG",796.5000000000006,"B - Medium Value"
22194,"BLACK DINER WALL CLOCK",795.6,"B - Medium Value"
85162B,"BLACK RETRODISC LAMPSHADE",795.5999999999999,"B - Medium Value"
85041,"SET/4 PINK ORCHID CANDLES IN BOWL",794.0999999999993,"B - Medium Value"
21910,"WAY OUT METAL SIGN ",792.15,"B - Medium Value"
21895,"POTTING SHED SOW 'N' GROW SET",790.75,"B - Medium Value"
72799A,"BLACK PILLAR CANDLE SILVER FLOCK",789.3000000000001,"B - Medium Value"
21086,"SET/6 RED SPOTTY PAPER CUPS",789.0400000000002,"B - Medium Value"
20913,"SET/5 BLUE SPOTTY LID GLASS BOWLS",787.0500000000002,"B - Medium Value"
20982,"12 PENCILS TALL TUBE SKULLS",784.1200000000007,"B - Medium Value"
20967,"GREY FLORAL FELTCRAFT SHOULDER BAG",784.08,"B - Medium Value"
84767,"ZINC POLICE BOX LANTERN",783.7,"B - Medium Value"
84327A,"PINK JUMPER LARRY THE LAMB",781.1400000000007,"B - Medium Value"
22332,"SKULLS PARTY BAG + STICKER SET",779.45,"B - Medium Value"
22304,"COFFEE MUG BLUE PAISLEY DESIGN",779.4000000000001,"B - Medium Value"
37446,"MINI CAKE STAND WITH HANGING CAKES",778.9000000000001,"B - Medium Value"
22288,"DECORATION , HANGING METAL RABBIT",777.5,"B - Medium Value"
85196,"EASTER BUNNIES ON A STICK",777.3600000000005,"B - Medium Value"
84031B,"CHARLIE LOLA BLUE HOT WATER BOTTLE ",776.2499999999997,"B - Medium Value"
21610,"SET 12 PEAR BOTANICAL T-LIGHTS",775.0499999999998,"B - Medium Value"
21826,"EIGHT PIECE DINOSAUR SET",774.77,"B - Medium Value"
22365,"DOORMAT RESPECTABLE HOUSE",774.25,"B - Medium Value"
21551,"CERAMIC BIRDHOUSE BUTTERFLY LARGE",772.95,"B - Medium Value"
21746,"SMALL RED SPOT  WINDMILL",771.02,"B - Medium Value"
37447,"CERAMIC CAKE DESIGN SPOTTED PLATE",769.0100000000002,"B - Medium Value"
21612,"SET 12 WILDFLOWER BOTANICAL T-LIGHT",768.1000000000001,"B - Medium Value"
21784,"SHOE SHINE BOX ",766.1500000000003,"B - Medium Value"
20966,"SANDWICH BATH SPONGE",765,"B - Medium Value"
21348,"PINK SPOTS CHOCOLATE NESTING BOXES ",763.8000000000001,"B - Medium Value"
72807B,"SET/3 OCEAN SCENT CANDLE JEWEL BOX",763.5,"B - Medium Value"
22091,"EMPIRE TISSUE BOX",762.12,"B - Medium Value"
21864,"UNION JACK FLAG PASSPORT COVER ",761.2800000000009,"B - Medium Value"
22030,"SWALLOWS GREETING CARD",758.3999999999991,"B - Medium Value"
21249,"WOODLAND  HEIGHT CHART STICKERS ",758.2500000000002,"B - Medium Value"
21992,"VINTAGE PAISLEY STATIONERY SET",756.3000000000002,"B - Medium Value"
21444,"BLUE CHALET BIRDFEEDER",756.25,"B - Medium Value"
21298,"EDWARDIAN 2 DRAWER WALL CABINET ",755.8,"B - Medium Value"
84908A,"PINK 5 PATCH FLOWER CUSHION COVER ",755.75,"B - Medium Value"
21988,"PACK OF 6 SKULL PAPER PLATES",755.63,"B - Medium Value"
21916,"SET 12 RETRO WHITE CHALK STICKS",754.3800000000002,"B - Medium Value"
21645,"ASSORTED TUTTI FRUTTI ROUND BOX",754.0499999999995,"B - Medium Value"
21471,"STRAWBERRY RAFFIA FOOD COVER",752.85,"B - Medium Value"
47504E,"ENGLISH ROSE SCISSORS",752.65,"B - Medium Value"
72755C,"FLOWER FAIRY OIL BURNER SET ROSE",750,"B - Medium Value"
84908B,"BLUE 5 PATCH FLOWER CUSHION COVER",748.8,"B - Medium Value"
21577,"SAVE THE PLANET COTTON TOTE BAG",747,"B - Medium Value"
21552,"CERAMIC BIRDHOUSE BLACK ROSE  LARGE",746.1500000000001,"B - Medium Value"
20989,"URBAN CHIC CHOPSTICKS SET/5",744.1500000000002,"B - Medium Value"
21638,"ASSORTED TUTTI FRUTTI NOTEBOOK",743.4000000000004,"B - Medium Value"
21039,"RED SPOTTY SHOPPING BAG",741.9000000000002,"B - Medium Value"
22617,"BAKING SET SPACEBOY DESIGN",740.5500000000008,"B - Medium Value"
21581,"SKULLS  DESIGN  COTTON TOTE BAG",739.3999999999999,"B - Medium Value"
22618,"COOKING SET RETROSPOT",738.6799999999998,"B - Medium Value"
21708,"FOLDING UMBRELLA  CREAM/MULTI  SPOT",738.0000000000001,"B - Medium Value"
21905,"MORE BUTTER METAL SIGN ",737.8200000000002,"B - Medium Value"
20960,"WATERMELON BATH SPONGE",737.5,"B - Medium Value"
21300,"ANTIQUE EDWARDIAN DRESSER",737.4,"B - Medium Value"
47503F,"ASS FLORAL PRINT TORCH",736.55,"B - Medium Value"
21554,"CERAMIC BIRDHOUSE RED ROOF LARGE",735.8000000000002,"B - Medium Value"
85167B,"BLACK GRAND BAROQUE PHOTO FRAME",734.9,"B - Medium Value"
21363,"HOME SMALL WOOD LETTERS",732.6000000000004,"B - Medium Value"
21846,"PINK DIAMANTE PEN IN GIFT BOX",730.3500000000005,"B - Medium Value"
22095,"LADS ONLY TISSUE BOX",728.4399999999999,"B - Medium Value"
84508A,"CAMOFLAGE DESIGN TEDDY",726.9000000000001,"B - Medium Value"
21274,"EMBOSSED HEART 3 DRAWER SHELF",726.75,"B - Medium Value"
21185," HOME SWEET HOME  BLACKBOARD",722.31,"B - Medium Value"
21682,"LARGE MEDINA STAMPED METAL BOWL ",721.8,"B - Medium Value"
85049F,"BABY BOOM RIBBONS ",717.5,"B - Medium Value"
85049A,"TRADITIONAL CHRISTMAS RIBBONS",717.5,"B - Medium Value"
84910A,"PINK PAISLEY CUSHION COVER ",715.15,"B - Medium Value"
22151,"PLACE SETTING WHITE HEART",714.4200000000001,"B - Medium Value"
72008,"FROSTED BOX 9 WHITE T-LIGHT CANDLES",712.0200000000001,"B - Medium Value"
22227,"DECORATION, HANGING HEART+MIRROR ",711.9500000000007,"B - Medium Value"
22585,"PACK OF 6 BIRDY GIFT TAGS",711.46,"B - Medium Value"
22132,"RED LOVE HEART SHAPE CUP",708.6000000000008,"B - Medium Value"
84519B,"CARROT CHARLIE+LOLA COASTER SET",708.4500000000003,"B - Medium Value"
21012,"ANTIQUE ALL GLASS CANDLESTICK",706,"B - Medium Value"
21711,"FOLDING UMBRELLA  WHITE/RED  SPOT",704.2499999999998,"B - Medium Value"
16161P,"WRAP ENGLISH ROSE ",703.98,"B - Medium Value"
21245,"GREEN  SPOTTY PLATE ",703.6599999999997,"B - Medium Value"
22444,"GROW YOUR OWN PLANT IN A CAN ",703.29,"B - Medium Value"
21288,"STRIPEY CHOCOLATE NESTING BOXES",700.7500000000001,"B - Medium Value"
21732,"RED HANGING METAL STAR TLIGHT HLDR",700.4399999999999,"B - Medium Value"
21126,"SET OF 6 GIRLS CELEBRATION CANDLES",698.08,"B - Medium Value"
21674,"RIDGED GLASS PENDANT LAMPSHADE",697.7999999999998,"B - Medium Value"
72755D,"FLOWER FAIRY OIL BURNER SET SUMMER",693.25,"B - Medium Value"
21312,"LARGE CHUNKY GLASS ROMAN BOWL",693.0500000000001,"B - Medium Value"
21280,"VINTAGE KITCHEN PRINT VEGETABLES",692.3999999999996,"B - Medium Value"
21287,"SCENTED VELVET LOUNGE CANDLE ",691.78,"B - Medium Value"
21704,"BAG 250g SWIRLY MARBLES",688.5900000000001,"B - Medium Value"
85035B,"CHOCOLATE 3 WICK MORRIS BOX CANDLE",686.7,"B - Medium Value"
21472,"LADYBIRD + BEE RAFFIA FOOD COVER",685.35,"B - Medium Value"
21611,"SET OF 12 LILY BOTANICAL T-LIGHTS",684.4000000000002,"B - Medium Value"
85179B,"WHITE BITTY LIGHT CHAIN ",683.13,"B - Medium Value"
21480,"PINK STRIPE HOT WATER BOTTLE",682.5,"B - Medium Value"
79342B,"BROWN FLOWER LIGHTS",682.2,"B - Medium Value"
21443,"OLIVE CHALET BIRDFEEDER",681.25,"B - Medium Value"
21786,"RAIN HAT WITH RED SPOTS",681.1200000000002,"B - Medium Value"
84971L,"LARGE HEART FLOWERS HOOK   ",680.36,"B - Medium Value"
21421,"PORCELAIN ROSE LARGE ",675.94,"B - Medium Value"
21542,"WOODLAND WATER TRANSFER TATTOOS ",675.8500000000001,"B - Medium Value"
85034A,"3 GARDENIA MORRIS BOXED CANDLES",674.6800000000001,"B - Medium Value"
20757,"RED DAISY POCKET BOOK ",674.4000000000001,"B - Medium Value"
21900,"KEY FOB , SHED",674.14,"B - Medium Value"
85176,"SEWING SUSAN 21 NEEDLE SET",673.7900000000006,"B - Medium Value"
85049D,"BRIGHT BLUES RIBBONS ",673.75,"B - Medium Value"
21078,"SET/20 STRAWBERRY PAPER NAPKINS ",670.52,"B - Medium Value"
21188,"3D HEARTS  HONEYCOMB PAPER GARLAND",668.15,"B - Medium Value"
84750A,"PINK SMALL GLASS CAKE STAND",667.8,"B - Medium Value"
22129,"PARTY CONES CANDY TREE DECORATION",667.7600000000002,"B - Medium Value"
15060B,"FAIRY CAKE DESIGN UMBRELLA",667.5,"B - Medium Value"
20778,"GARDEN PATH NOTEBOOK ",667.3499999999998,"B - Medium Value"
72753A,"S/3 FLWR FAIRY LILLY CANDLES",666.9000000000001,"B - Medium Value"
18097C,"WHITE TALL PORCELAIN T-LIGHT HOLDER",665.4,"B - Medium Value"
84029C,"BROWN FURRY HOT WATER BOTTLE",665.05,"B - Medium Value"
21255,"FRENCH BOTTLE , LAVENDER",663.8999999999996,"B - Medium Value"
72799E,"IVORY PILLAR CANDLE SILVER FLOCK",663.85,"B - Medium Value"
21157,"RED SPOTTY WASHBAG",662.8800000000005,"B - Medium Value"
22287,"DECORATION , WOBBLY CHICKEN, METAL ",662.2499999999998,"B - Medium Value"
17109C,"FLOWER FAIRY INCENSE ROSE",661.2300000000001,"B - Medium Value"
84676,"BATH DUCK WATERING CAN",660.5500000000001,"B - Medium Value"
22156,"HEART DECORATION WITH PEARLS ",660.4500000000003,"B - Medium Value"
21507,"ELEPHANT, BIRTHDAY CARD, ",659.22,"B - Medium Value"
21764,"VINTAGE WOODEN PLATE RACK",659.1500000000001,"B - Medium Value"
22029,"SPACEBOY BIRTHDAY CARD",658.7999999999998,"B - Medium Value"
22570,"FELTCRAFT CUSHION RABBIT",655.44,"B - Medium Value"
84950,"ASSORTED COLOUR T-LIGHT HOLDER",653.89,"B - Medium Value"
21308,"LOUVRE VANITY MIRROR",653.85,"B - Medium Value"
21615,"4 LAVENDER BOTANICAL DINNER CANDLES",653.25,"B - Medium Value"
22569,"FELTCRAFT CUSHION BUTTERFLY",651.69,"B - Medium Value"
84616,"SILVER ROCCOCO CHANDELIER",650.85,"B - Medium Value"
22383,"LUNCHBAG SUKI  DESIGN ",648.25,"B - Medium Value"
47599B,"BLUE PARTY BAGS ",647.8000000000002,"B - Medium Value"
22277,"COSMETIC BAG VINTAGE ROSE PAISLEY",645.1000000000004,"B - Medium Value"
37492B,"BLUE YELLOW FLOWER PIGGY BANK",643.9499999999998,"B - Medium Value"
21359,"RELAX LARGE WOOD LETTERS",643.85,"B - Medium Value"
17084R,"ASSORTED INCENSE PACK",643.29,"B - Medium Value"
20977,"36 PENCILS TUBE WOODLAND",642.5,"B - Medium Value"
20702,"PINK PADDED MOBILE",641.5,"B - Medium Value"
21283,"NATURAL BARK CANDLE SMALL",640.5,"B - Medium Value"
22325,"MOBILE VINTAGE HEARTS ",639.6000000000001,"B - Medium Value"
22483,"RED GINGHAM TEDDY BEAR ",638.6000000000001,"B - Medium Value"
85166B,"BLACK METAL BAROQUE PHOTO FRAME",637.5,"B - Medium Value"
21987,"PACK OF 6 SKULL PAPER CUPS",632.04,"B - Medium Value"
72800B,"S/4 PURPLE DINNER CANDLE BLK FLOCK",629.5199999999999,"B - Medium Value"
84907,"PINK YELLOW PATCH CUSHION COVER",627.9,"B - Medium Value"
22076,"6 RIBBONS EMPIRE  ",626.9999999999999,"B - Medium Value"
20774,"GREEN FERN NOTEBOOK",626.8499999999999,"B - Medium Value"
20776,"ABSTRACT CIRCLES NOTEBOOK",625.9499999999997,"B - Medium Value"
84922,"PINK BUTTERFLY WASHBAG",625.5,"B - Medium Value"
20850,"ZINC HEART LATTICE PLANTER BOWL",625.3000000000001,"B - Medium Value"
85218,"S/5 MINI ICE CREAM FRIDGE MAGNETS",625.1999999999999,"B - Medium Value"
22077,"6 RIBBONS RUSTIC CHARM",624.5999999999998,"B - Medium Value"
22085,"PAPER CHAIN KIT SKULLS ",624.15,"B - Medium Value"
51014A,"FEATHER PEN,HOT PINK",623.9000000000001,"B - Medium Value"
22374,"AIRLINE BAG VINTAGE JET SET RED",619.7500000000002,"B - Medium Value"
72023F,"RED ORGANIC CANDLE IN GLASS",619.5500000000001,"B - Medium Value"
37492D,"PURPLE GREEN FLOWER PIGGY BANK",618.2999999999998,"B - Medium Value"
85194L,"HANGING SPRING FLOWER EGG LARGE",614.5100000000001,"B - Medium Value"
22256,"FELT FARM ANIMAL CHICKEN",613.08,"B - Medium Value"
20703,"BLUE PADDED SOFT MOBILE",611.75,"B - Medium Value"
20772,"GARDEN PATH JOURNAL",611.1,"B - Medium Value"
21973,"SET OF 36 MUSHROOM PAPER DOILIES",609.4000000000002,"B - Medium Value"
21901,"KEY FOB , BACK DOOR ",608.49,"B - Medium Value"
72800A,"S/4 BLACK DINNER CANDLE SILVER FLOC",605.3100000000001,"B - Medium Value"
20783,"HEART EAR MUFF HEADPHONES",603.3600000000001,"B - Medium Value"
22372,"AIRLINE BAG VINTAGE WORLD CHAMPION ",600.0500000000002,"B - Medium Value"
84964A,"PINK PAINTED KASHMIRI TABLE",600,"B - Medium Value"
17091J,"VANILLA INCENSE IN TIN",598.49,"B - Medium Value"
85231E,"STRAWBERRY SCENTED SET/9 T-LIGHTS",597.8000000000004,"B - Medium Value"
21383,"PACK OF 12 STICKY BUNNIES",597.7,"B - Medium Value"
21579,"LOLITA  DESIGN  COTTON TOTE BAG",597.05,"B - Medium Value"
22167,"WALL MIRROR , DIAMANTE OVAL SHAPE",596.9999999999999,"B - Medium Value"
16244B,"MAXWELL 2 TONE BLUE 60 PAGE PHOTO A",596.5,"B - Medium Value"
20674,"GREEN SPOTTY BOWL",593.8199999999999,"B - Medium Value"
72772,"SET/4 SCENTED CANDLES IN RAMEKINS",592.5,"B - Medium Value"
20777,"CHRYSANTHEMUM NOTEBOOK",592.1999999999998,"B - Medium Value"
20785,"FUSCHIA RETRO BAR STOOL",591.2000000000002,"B - Medium Value"
21687,"SILVER PLATE CANDLE BOWL LARGE",590.79,"B - Medium Value"
20773,"BLUE PAISLEY NOTEBOOK",587.9999999999998,"B - Medium Value"
22267,"EASTER DECORATION EGG BUNNY ",586.98,"B - Medium Value"
20759,"CHRYSANTHEMUM POCKET BOOK ",586.6500000000001,"B - Medium Value"
20714,"POSY SHOPPER BAG",586.25,"B - Medium Value"
21431,"GREEN GINGHAM FLOWER JEWELLERY BOX",585.75,"B - Medium Value"
21076,"SET/20 COLLAGE PAPER NAPKIN ",585.5200000000002,"B - Medium Value"
11001,"ASSTD DESIGN RACING CAR PEN",584.7400000000001,"B - Medium Value"
21541,"DINOSAURS WATER TRANSFER TATTOOS ",582.4999999999998,"B - Medium Value"
22321,"BIRD DECORATION RED SPOT",582.3900000000001,"B - Medium Value"
22497,"SET OF 2 TINS VINTAGE BATHROOM ",582.25,"B - Medium Value"
84849B,"FAIRY SOAP SOAP HOLDER",580.2899999999998,"B - Medium Value"
21759,"METAL WALL SHELF UNIT WITH HOOKS",579.4000000000001,"B - Medium Value"
22187,"GREEN CHRISTMAS TREE CARD HOLDER",578.75,"B - Medium Value"
22347,"PIZZA SLICE DISH",578.75,"B - Medium Value"
84670,"JAPANESE CROCHETED ANIMAL",578.1,"B - Medium Value"
21899,"KEY FOB , GARAGE DESIGN",577.9400000000002,"B - Medium Value"
21439,"BASKET OF TOADSTOOLS",577.5,"B - Medium Value"
20996,"JAZZ HEARTS ADDRESS BOOK",577.2600000000001,"B - Medium Value"
22265,"EASTER DECORATION NATURAL CHICK",577.1500000000001,"B - Medium Value"
35001G,"HAND OPEN SHAPE GOLD",576.0899999999999,"B - Medium Value"
84869,"CANDY BUTTON PHOTO ALBUM",574.6999999999999,"B - Medium Value"
21918,"SET 12 KIDS COLOUR  CHALK STICKS",574.1999999999998,"B - Medium Value"
21795,"SET OF 3 BLUE STRIPE BASKET",573.75,"B - Medium Value"
47503J,"SET/3 FLORAL GARDEN TOOLS IN BAG",573.15,"B - Medium Value"
22130,"PARTY CONE CHRISTMAS DECORATION ",572.9,"B - Medium Value"
21470,"FLOWER VINE RAFFIA FOOD COVER",572.85,"B - Medium Value"
21892,"TRADITIONAL WOODEN CATCH CUP GAME ",571.47,"B - Medium Value"
21272,"SALLE DE BAIN HOOK",571.39,"B - Medium Value"
22260,"FELT EGG COSY BLUE RABBIT ",571.3000000000002,"B - Medium Value"
22254,"FELT TOADSTOOL LARGE",571.25,"B - Medium Value"
22582,"PACK OF 6 SWEETIE GIFT BOXES",570.9000000000001,"B - Medium Value"
21747,"SMALL SKULL WINDMILL",570.5,"B - Medium Value"
21904,"HOUSE WRECKING METAL SIGN ",570.3000000000003,"B - Medium Value"
17091A,"LAVENDER INCENSE IN TIN",568.49,"B - Medium Value"
20775,"DAISY NOTEBOOK ",566.7,"B - Medium Value"
71038,"WHITE HANGING BEADS CANDLE HOLDER",566.1999999999999,"B - Medium Value"
20758,"ABSTRACT CIRCLES POCKET BOOK",565.0000000000001,"B - Medium Value"
84637,"KITCHEN FLOWER POTS WALL PLAQUE",563.55,"B - Medium Value"
21125,"SET 6 FOOTBALL CELEBRATION CANDLES",563.3600000000001,"B - Medium Value"
15044D,"RED PAPER PARASOL",562.9,"B - Medium Value"
21322,"GLASS SPHERE CANDLE STAND LARGE ",562.4499999999999,"B - Medium Value"
21788,"KIDS RAIN MAC BLUE",561.9499999999998,"B - Medium Value"
47583A,"SET OF 3 WICKER BASKET ROSE",561.8,"B - Medium Value"
21313,"GLASS HEART T-LIGHT HOLDER ",561.1100000000001,"B - Medium Value"
20985,"HEART CALCULATOR",557.15,"B - Medium Value"
84580,"MOUSE TOY WITH PINK T-SHIRT",555,"B - Medium Value"
72807A,"SET/3 ROSE CANDLE IN JEWELLED BOX",554.99,"B - Medium Value"
21282,"NATURAL BARK CANDLE LARGE",554.75,"B - Medium Value"
22312,"OFFICE MUG WARMER POLKADOT",554.3999999999999,"B - Medium Value"
20984,"12 PENCILS TALL TUBE POSY",553.5600000000001,"B - Medium Value"
21845,"DAIRY MAID STRIPE MUG",552.35,"B - Medium Value"
20756,"GREEN FERN POCKET BOOK",551.8,"B - Medium Value"
82581,"TOILET METAL SIGN",550.0900000000003,"B - Medium Value"
21223,"SET/4 BADGES WOODLAND ANIMAL",549.5,"B - Medium Value"
21789,"KIDS RAIN MAC PINK",549.4999999999999,"B - Medium Value"
21506,"FANCY FONT BIRTHDAY CARD, ",548.7000000000003,"B - Medium Value"
20707,"CRAZY DAISY HEART DECORATION",548.6,"B - Medium Value"
37351,"ORANGE FLOWER MUG ",547.65,"B - Medium Value"
84934,"ASSTD DESIGN POP ART SLIM PEN",547.4,"B - Medium Value"
84578,"ELEPHANT TOY WITH BLUE T-SHIRT",546.9299999999998,"B - Medium Value"
22045,"SPACEBOY GIFT WRAP",546,"B - Medium Value"
21056,"DOCTOR'S BAG SOFT TOY",545.9499999999999,"B - Medium Value"
21680,"WOODLAND  STICKERS",545.6600000000001,"B - Medium Value"
20770,"ABSTRACT CIRCLE JOURNAL ",544.8000000000001,"B - Medium Value"
22310,"KNITTED MUG COSY IVORY COLOUR ",544.7,"B - Medium Value"
85040A,"S/4 PINK FLOWER CANDLES IN BOWL",544.4999999999999,"B - Medium Value"
85217,"ASSORTED ICE CREAM FRIDGE MAGNETS",542.55,"B - Medium Value"
21648,"ASSORTED TUTTI FRUTTI SMALL PURSE",541.9,"B - Medium Value"
22175,"PINK OWL SOFT TOY",541.3,"B - Medium Value"
21123,"SET/10 IVORY SPOTTY PARTY CANDLES",541.25,"B - Medium Value"
22509,"SEWING BOX RETROSPOT DESIGN ",541.25,"B - Medium Value"
78124,"MAGAZINE RACK GEBRA ASSORTED ",540,"B - Medium Value"
21327,"SKULLS WRITING SET ",538.7999999999998,"B - Medium Value"
21876,"POTTERING MUG",537.5699999999999,"B - Medium Value"
20760,"GARDEN PATH POCKET BOOK",536.5500000000001,"B - Medium Value"
21397,"BLUE  SPOTTY EGG CUP ",536.25,"B - Medium Value"
37345,"ASSTD HEARTS DESIGN MUGS",536.1,"B - Medium Value"
22309,"TEA COSY RED  STRIPE",535.5000000000001,"B - Medium Value"
22058,"CERAMIC LOVE HEARTS DESIGN MUG",534.9100000000001,"B - Medium Value"
85232A,"SET/3 POLKA DOT STACKING TINS",534.6000000000003,"B - Medium Value"
21389,"IVORY HANGING DECORATION  BIRD",534.0799999999999,"B - Medium Value"
85162A,"SILVER RETRODISC LAMPSHADE",533.1499999999999,"B - Medium Value"
21679,"SKULLS  STICKERS",532.24,"B - Medium Value"
21841,"BABY MOUSE RED GINGHAM DRESS",531.5,"B - Medium Value"
21304,"ARCHED GREY MIRROR",527.8499999999999,"B - Medium Value"
20780,"BLACK EAR MUFF HEADPHONES",527.4900000000001,"B - Medium Value"
21111,"SWISS ROLL TOWEL, CHOCOLATE  SPOTS",527.4499999999998,"B - Medium Value"
37494A,"FAIRY CAKE CERAMIC BUTTER DISH",526.1499999999999,"B - Medium Value"
20755,"BLUE PAISLEY POCKET BOOK",525.5000000000001,"B - Medium Value"
22046,"TEA PARTY  WRAPPING PAPER ",525,"B - Medium Value"
20768,"GREEN FERN JOURNAL ",524.2500000000002,"B - Medium Value"
22054,"MINI CAKE STAND HANGING HEARTS",523.3499999999997,"B - Medium Value"
21893,"POTTING SHED SEED TIN",523,"B - Medium Value"
85164B,"BLACK BAROQUE CUCKOO CLOCK",522.75,"B - Medium Value"
21133,"PAINTED BIRD ASSORTED CHRISTMAS",522.2099999999999,"B - Medium Value"
84012,"MAGIC SHEEP WOOL GROWING FROM PAPER",522.0000000000001,"B - Medium Value"
85118,"HEART T-LIGHT HOLDER",521.7900000000001,"B - Medium Value"
35160,"BUDDHA INCENSE HOLDER ASSORTED",520.5699999999999,"B - Medium Value"
